No.,Name,Net Worth USD billion,Age,Gender,Nationality,Source(s) of wealth,Industry
1,Bill Gates,76.00,58,M,United States of America,Microsoft,Technology
2,Carlos Slim Helu,72.00,74,M,Mexico,telecom,Telecom
3,Amancio Ortega,64.00,77,M,Spain,retail,Fashion & Retail
4,Warren Buffett,58.20,83,M,United States of America,Berkshire Hathaway,Finance
5,Larry Ellison,48.00,69,M,United States of America,Oracle Corporation,Technology
6,Charles Koch,40.00,78,M,United States of America,diversified,Diversified
6,David Koch,40.00,73,M,United States of America,diversified,Diversified
8,Sheldon Adelson,38.00,80,M,United States of America,casinos,Gambling & Casinos
9,Christy Walton,36.70,59,F,United States of America,Wal-Mart,Fashion & Retail
10,Jim Walton,34.70,66,M,United States of America,Wal-Mart,Fashion & Retail
11,Liliane Bettencourt,34.50,91,F,France,L'Oreal,Fashion & Retail
12,Stefan Persson,34.40,66,M,Sweden,H&M,Fashion & Retail
13,Alice Walton,34.30,64,F,United States of America,Wal-Mart,Fashion & Retail
14,S. Robson Walton,34.20,70,M,United States of America,Wal-Mart,Fashion & Retail
15,Bernard Arnault,33.50,64,M,France,LVMH,Fashion & Retail
16,Michael Bloomberg,33.00,72,M,United States of America,Bloomberg LP,Media & Entertainment
17,Larry Page,32.30,40,M,United States of America,Google,Technology
18,Jeff Bezos,32.00,50,M,United States of America,Amazon,Technology
19,Sergey Brin,31.80,40,M,United States of America,Google,Technology
20,Li Ka-shing,31.00,85,M,Hong Kong,diversified,Diversified
21,Mark Zuckerberg,28.50,29,M,United States of America,"Facebook, Inc.",Technology
22,Michele Ferrero,26.50,88,F,Italy,chocolates,Food & Beverage
23,Karl Albrecht,25.00,94,M,Germany,retail,Fashion & Retail
23,Aliko Dangote,25.00,56,M,Nigeria,"cement, sugar, flour",Manufacturing
25,Carl Icahn,24.50,78,M,United States of America,investments,Finance
26,George Soros,23.00,83,M,United States of America,hedge funds,Finance
27,David Thomson,22.60,56,M,Canada,Thomson Corporation,Media & Entertainment
28,Lui Che Woo,22.00,84,M,Hong Kong,casinos,Gambling & Casinos
29,Dieter Schwarz,21.10,74,M,Germany,retail,Fashion & Retail
30,Prince Al-Waleed bin Talal Alsaud,20.40,58,M,Saudi Arabia,investments,Finance
31,"Forrest Mars, Jr.",20.00,82,M,United States of America,candy,Food & Beverage
31,Jacqueline Mars,20.00,74,F,United States of America,candy,Food & Beverage
31,John Mars,20.00,77,M,United States of America,candy,Food & Beverage
34,Jorge Paulo Lemann,19.70,74,M,Brazil,beer,Food & Beverage
35,Lee Shau Kee,19.60,86,M,Hong Kong,diversified,Diversified
36,"Theo Albrecht, Jr.",19.30,63,M,Germany,"Aldi, Trader Joe's",Fashion & Retail
36,Steve Ballmer,19.30,57,M,United States of America,Microsoft,Technology
38,Leonardo Del Vecchio,19.20,78,M,Italy,eyeglasses,Fashion & Retail
39,Len Blavatnik,18.70,56,M,United States of America,diversified,Diversified
40,Mukesh Ambani,18.60,56,M,India,"petrochemicals, oil & gas",Energy
40,Alisher Usmanov,18.60,60,M,Russia,"steel, telecom, investments",Mining
42,Phil Knight,18.40,76,M,United States of America,Nike,Fashion & Retail
42,Michael Otto,18.40,70,M,Germany,"retail, real estate",Real Estate
42,Masayoshi Son,18.40,56,M,Japan,"internet, telecom",Telecom
45,Tadashi Yanai,17.90,65,M,Japan,retail,Fashion & Retail
46,Gina Rinehart,17.70,60,F,Australia,mining,Mining
47,Mikhail Fridman,17.60,49,M,Russia,"oil, banking, telecom",Energy
48,Michael Dell,17.50,49,M,United States of America,Dell,Technology
49,Susanne Klatten,17.40,51,F,Germany,"BMW, pharmaceuticals",Automotive
50,Abigail Johnson,17.30,52,F,United States of America,money management,Finance
51,Viktor Vekselberg,17.20,56,M,Russia,"metals, energy",Mining
52,Lakshmi Mittal,16.70,63,M,India,steel,Mining
53,Vladimir Lisin,16.60,57,M,Russia,"steel, transport",Mining
54,Cheng Yu-tung,16.20,88,M,Hong Kong,diversified,Diversified
55,Joseph Safra,16.00,75,M,Brazil,banking,Finance
56,Paul Allen,15.90,61,M,United States of America,"Microsoft, investments",Technology
57,Leonid Mikhelson,15.60,58,M,Russia,"gas, chemicals",Energy
58,Anne Cox Chambers,15.50,94,F,United States of America,media,Media & Entertainment
58,Iris Fontbona,15.50,71,F,Chile,mining,Mining
58,Francois Pinault,15.50,77,M,France,retail,Fashion & Retail
61,Mohammed Al Amoudi,15.30,67,M,Saudi Arabia,"oil, diversified",Energy
61,Azim Premji,15.30,68,M,India,software,Technology
61,Gennady Timchenko,15.30,61,M,Russia,oil & gas,Energy
64,Wang Jianlin,15.10,59,M,China,real estate,Real Estate
65,Charles Ergen,15.00,61,M,United States of America,Dish Network,Media & Entertainment
66,Stefan Quandt,14.90,47,M,Germany,BMW,Automotive
67,German Larrea Mota Velasco,14.70,60,M,Mexico,mining,Mining
68,Harold Hamm,14.60,68,M,United States of America,oil & gas,Energy
69,Donald Bren,14.40,81,M,United States of America,real estate,Real Estate
69,Ray Dalio,14.40,64,M,United States of America,hedge funds,Finance
71,Georg Schaeffler,14.30,49,M,Germany,ball bearings,Manufacturing
72,Luis Carlos Sarmiento,14.20,81,M,Colombia,banking,Finance
73,Serge Dassault,14.00,88,M,France,aviation,Diversified
73,Ronald Perelman,14.00,71,M,United States of America,leveraged buyouts,Finance
73,Laurene Powell Jobs,14.00,50,F,United States of America,"Apple, Disney",Technology
76,Vagit Alekperov,13.60,63,M,Russia,Lukoil,Energy
76,John Fredriksen,13.60,69,M,Cyprus,shipping,Logistics
78,Rupert Murdoch,13.50,82,M,United States of America,media,Media & Entertainment
78,John Paulson,13.50,58,M,United States of America,hedge funds,Finance
80,Ma Huateng,13.40,42,M,China,internet media,Media & Entertainment
81,Gerald Cavendish Grosvenor,13.00,62,M,United Kingdom,real estate,Real Estate
82,Pallonji Mistry,12.80,84,M,Ireland,construction,Real Estate
82,Johanna Quandt,12.80,87,F,Germany,BMW,Automotive
82,Dilip Shanghvi,12.80,58,M,India,pharmaceuticals,Healthcare
82,Jack Taylor,12.80,91,M,United States of America,Enterprise Rent-A-Car,Automotive
86,Thomas & Raymond Kwok,12.60,,M,Hong Kong,real estate,Real Estate
86,Vladimir Potanin,12.60,53,M,Russia,metals,Mining
88,Rinat Akhmetov,12.50,47,M,Ukraine,"steel, coal",Mining
88,James Simons,12.50,75,M,United States of America,hedge funds,Finance
90,Alberto Bailleres Gonzalez,12.40,82,M,Mexico,mining,Mining
91,Robin Li,12.10,45,M,China,internet search,Technology
92,Ernesto Bertarelli,12.00,48,M,Switzerland,"biotech, investments",Healthcare
92,Hans Rausing,12.00,87,M,Sweden,packaging,Food & Beverage
94,Zong Qinghou,11.60,68,M,China,beverages,Food & Beverage
95,Robert Kuok,11.50,90,M,Malaysia,diversified,Diversified
95,David & Simon Reuben,11.50,71,M,United Kingdom,"investments, real estate",Real Estate
97,Dhanin Chearavanont,11.40,74,M,Thailand,food,Food & Beverage
97,Andrey Melnichenko,11.40,41,M,Russia,"coal, fertilizers",Energy
97,Henry Sy,11.40,89,M,Philippines,diversified,Diversified
100,German Khan,11.30,52,M,Russia,"oil, banking, telecom",Energy
100,Ananda Krishnan,11.30,75,M,Malaysia,telecom,Telecom
